name,state,latitude,longitude
Abilene,TX,32.4487364,-99.73314390000002
Akron,OH,41.0814447,-81.51900529999999
Alafaya,FL,28.5641,-81.2114
Alameda,CA,37.7652065,-122.2416355
Albany,NY,42.6525793,-73.7562317
Albany,GA,31.5785074,-84.15574099999999
Albany,OR,44.6365107,-123.1059282
Albuquerque,NM,35.0844909,-106.6511367
Alexandria,VA,38.8048355,-77.0469214
Alexandria,LA,31.3112936,-92.4451371
Alhambra,CA,34.095287,-118.1270146
Aliso Viejo,CA,33.57509599999999,-117.725431
Allen,TX,33.1031744,-96.67055030000002
Allentown,PA,40.6084305,-75.4901833
Aloha,OR,45.4942838,-122.8670454
Alpharetta,GA,34.0753762,-84.2940899
Altadena,CA,34.1897274,-118.1311819
Altamonte Springs,FL,28.6611089,-81.3656242
Altoona,PA,40.5186809,-78.3947359
Amarillo,TX,35.2219971,-101.8312969
Ames,IA,42.02335,-93.62562199999999
Anaheim,CA,33.8352932,-117.9145036
Anchorage,AK,61.2180556,-149.9002778
Anderson,IN,40.1053196,-85.6802541
Ankeny,IA,41.7266667,-93.6041667
Ann Arbor,MI,42.2808256,-83.7430378
Ann Arbor,MI,42.3076493,-83.8473015
Antelope North Rd,CA,38.7172491,-121.3274832
Antioch,CA,38.0049214,-121.805789
Apache Junction,AZ,33.4150485,-111.5495777
Apex,NC,35.732652,-78.85028559999999
Apopka,FL,28.68675,-81.51327599999999
Appleton,WI,44.2619309,-88.41538469999999
Apple Valley,CA,34.5008311,-117.1858759
Apple Valley,MN,44.7319094,-93.21772000000001
Arcadia,CA,34.1397292,-118.0353449
Arden-Arcade,CA,38.6008071,-121.3770336
Arlington,TX,32.735687,-97.10806559999999
Arlington,VA,38.8799697,-77.1067698
Arlington,MA,42.4153925,-71.1564729
Arlington Heights,IL,42.0883603,-87.98062650000001
Arvada,CO,39.8027644,-105.0874842
Ashburn,VA,39.0414079,-77.48101799999999
Asheville,NC,35.6009452,-82.55401499999999
Aspen Hill,MD,39.0795529,-77.07303379999999
Atascocita,TX,29.99883059999999,-95.1765978
Athens,GA,33.955802,-83.3823656
Atlanta,GA,33.7489954,-84.3879824
Attleboro,MA,41.94454409999999,-71.2856082
Auburn,WA,47.30732279999999,-122.2284532
Auburn,AL,32.6098566,-85.48078249999999
Augusta,GA,33.474246,-82.00967
Aurora,CO,39.7294319,-104.8319195
Aurora,IL,41.7605849,-88.32007150000001
Austin,TX,30.267153,-97.7430608
Avondale,AZ,33.4355977,-112.3496021
Azusa,CA,34.1336186,-117.9075627
Bakersfield,CA,35.3732921,-119.0187125
Baldwin Park,CA,34.0852868,-117.9608978
Baltimore,MD,39.2903848,-76.6121893
Barnstable,MA,41.7014167,-70.3030556
Bartlett,TN,35.2045328,-89.8739753
Bartlett,IL,41.9950276,-88.1856301
Baton Rouge,LA,30.4582829,-91.1403196
Battle Creek,MI,42.3211522,-85.17971419999999
Bayonne,NJ,40.6687141,-74.1143091
Baytown,TX,29.7355047,-94.97742740000001
Beaumont,TX,30.080174,-94.1265562
Beaumont,CA,33.9294606,-116.977248
Beavercreek,OH,39.7092262,-84.06326849999999
Beaverton,OR,45.48706199999999,-122.8037102
Bedford,TX,32.844017,-97.1430671
Bel Air South,MD,39.504033,-76.3181
Belleville,IL,38.5200504,-89.9839935
Bellevue,WA,47.610377,-122.2006786
Bellevue,on,0.0,0.0
Bellevue,NE,41.1586111,-95.93416669999999
Bellflower,CA,33.8816818,-118.1170117
Bell Gardens,CA,33.9652918,-118.1514588
Bellingham,WA,48.7595529,-122.4882249
Bend,OR,44.0581728,-121.3153096
Berkeley,CA,37.8715926,-122.272747
Berwyn,IL,41.85058739999999,-87.7936685
Bethesda,MD,38.984652,-77.0947092
Bethlehem,PA,40.6259316,-75.37045789999999
Billerica,MA,42.5584218,-71.2689461
Billings,Mt,45.7832856,-108.5006904
Biloxi,MS,30.3960318,-88.88530779999999
Binghamton,NY,42.09868669999999,-75.91797380000001
Birmingham,AL,33.5206608,-86.80248999999999
Bismarck,ND,46.8083268,-100.7837392
Blacksburg,VA,37.2295733,-80.4139393
Blaine,MN,45.1607987,-93.23494889999999
Bloomington,MN,44.840798,-93.2982799
Bloomington,IN,39.165325,-86.52638569999999
Bloomington,IL,40.4842027,-88.99368729999999
Blue Springs,MO,39.0169509,-94.2816148
Boca Raton,FL,26.3586885,-80.0830984
Boise,ID,43.612631,-116.211076
Bolingbrook,IL,41.69864159999999,-88.0683955
Bonita Springs,FL,26.339806,-81.7786972
Bossier City,LA,32.5159852,-93.7321228
Boston,MA,42.3584308,-71.0597732
Boulder,CO,40.0149856,-105.2705456
Bountiful,UT,40.8893895,-111.880771
Bowie,MD,39.0067768,-76.77913649999999
Bowling Green,KY,36.9903199,-86.4436018
Boynton Beach,FL,26.5253491,-80.0664309
Bradenton,FL,27.4989278,-82.5748194
Brandon,FL,27.937801,-82.2859247
Brentwood,NY,40.7812093,-73.2462273
Brentwood,CA,37.931868,-121.6957863
Bridgeport,CT,41.1865478,-73.19517669999999
Bristol,CT,41.67176480000001,-72.9492703
Brockton,MA,42.0834335,-71.0183787
Broken Arrow,OK,36.0525993,-95.7908195
Brookline,MA,42.33176419999999,-71.1211635
Brooklyn Park,MN,45.0941315,-93.3563405
Broomfield,CO,39.9205411,-105.0866504
Brownsville,TX,25.9017472,-97.4974838
Bryan,TX,30.6743643,-96.3699632
Buckeye,AZ,33.3703197,-112.5837766
Buena Park,CA,33.8675143,-117.9981181
Buffalo,NY,42.88644679999999,-78.8783689
Buffalo Grove,IL,42.1662831,-87.9631308
Bullhead City,AZ,35.1477774,-114.5682983
Burbank,CA,34.1808392,-118.3089661
Burbank,CA,37.3205556,-121.9316667
Burlington,NC,36.0956918,-79.43779909999999
Burlington,VT,44.4758825,-73.21207199999999
Burnsville,MN,44.7677424,-93.27772259999999
Caldwell,ID,43.66293839999999,-116.6873596
Calexico,CA,32.6789476,-115.4988834
Camarillo,CA,34.2163937,-119.0376023
Cambridge,MA,42.3726399,-71.10965279999999
Camden,NJ,39.9259463,-75.1196199
Canton,OH,40.79894729999999,-81.378447
Cape Coral,FL,26.5628537,-81.9495331
Carlsbad,CA,33.1580933,-117.3505939
Carmel,IN,39.978371,-86.1180435
Carmichael,CA,38.617127,-121.3282843
Carrollton,TX,32.9756415,-96.8899636
Carson,CA,33.8314058,-118.2820165
Carson Airport (CXP),ty,0.0,0.0
Cary,NC,35.79154,-78.7811169
Casa Grande,AZ,32.8795022,-111.7573521
Casas Adobes,AZ,32.3234078,-110.9950966
Casper,WY,42.866632,-106.313081
Castle Rock,CO,39.3722121,-104.8560902
Castro Valley,CA,37.6940973,-122.0863522
Catalina Foothills,AZ,32.297853,-110.9187037
Cathedral City,CA,33.7797426,-116.4652911
Catonsville,MD,39.2720509,-76.73191609999999
Cedar Hill,TX,32.5884689,-96.9561152
Cedar Park,TX,30.505198,-97.8202888
Cedar Rapids,IA,41.9778795,-91.6656232
Centennial,CO,39.5807452,-104.8771726
Centerville,OH,39.6283928,-84.15938179999999
Centreville,VA,38.8403909,-77.42887689999999
Ceres,CA,37.5949316,-120.9577098
Cerritos,CA,33.8583483,-118.0647871
Champaign,IL,40.1164204,-88.2433829
Chandler,AZ,33.3061605,-111.8412502
Chapel Hill,NC,35.9131996,-79.0558445
Charleston,SC,32.7765656,-79.93092159999999
Charleston,WV,38.3498195,-81.6326234
Charlotte,NC,35.2270869,-80.8431267
Charlottesville,VA,38.0293059,-78.47667810000002
Chattanooga,TN,35.0456297,-85.3096801
Cheektowaga,NY,42.9026136,-78.74457199999999
Chesapeake,VA,36.7682088,-76.2874927
Chesterfield,MO,38.6631083,-90.5770675
Cheyenne,WY,41.1399814,-104.8202462
Chicago,IL,41.8781136,-87.6297982
Chico,CA,39.7284944,-121.8374777
Chicopee,MA,42.1487043,-72.6078672
Chino,CA,34.0122346,-117.688944
Chino Hills,CA,33.9898188,-117.7325848
Chula Vista,CA,32.6400541,-117.0841955
Cicero,IL,41.8455877,-87.7539448
Cincinnati,OH,39.1031182,-84.5120196
Citrus Heights,CA,38.7071247,-121.2810611
Clarksville,TN,36.5297706,-87.3594528
Clearwater,FL,27.9658533,-82.8001026
Cleveland,OH,41.4994954,-81.6954088
Cleveland,TN,35.1595182,-84.8766115
Cleveland Heights,OH,41.5200518,-81.556235
Clifton,NJ,40.8584328,-74.16375529999999
Clovis,CA,36.8252277,-119.7029194
Coachella,CA,33.6803003,-116.173894
Coconut Creek,FL,26.2517482,-80.17893509999999
Coeur d'Alene,ID,47.6776832,-116.7804664
College Station,TX,30.627977,-96.3344068
Collierville,TN,35.042036,-89.6645266
Colorado Springs,CO,38.8338816,-104.8213634
Colton,CA,34.0739016,-117.3136547
Columbia,SC,34.0007104,-81.0348144
Columbia,MO,38.9517053,-92.3340724
Columbia,MD,39.2040236,-76.860565
Columbus,OH,39.9611755,-82.99879419999999
Columbus,GA,32.4609764,-84.9877094
Columbus,IN,39.2014404,-85.9213796
Commerce City,CO,39.8083196,-104.9338675
Compton,CA,33.8958492,-118.2200712
Concord,CA,37.9779776,-122.0310733
Concord,NC,35.4087517,-80.579511
Concord,NH,43.2081366,-71.5375718
Conroe,TX,30.3118769,-95.45605119999999
Conway,AR,35.0886963,-92.4421011
Coon Rapids,MN,45.1199652,-93.28772769999999
Coral Gables,FL,25.72149,-80.2683838
Coral Springs,FL,26.271192,-80.2706044
Corona,CA,33.8752935,-117.5664384
Corpus Christi,TX,27.8005828,-97.39638099999999
Corvallis,OR,44.5645659,-123.2620435
Costa Mesa,CA,33.6411316,-117.9186689
Council Bluffs,IA,41.2619444,-95.8608333
Country Club,FL,25.9481487,-80.3169953
Covina,CA,34.0900091,-117.8903397
Cranston,RI,41.7798226,-71.4372796
Crystal Lake,IL,42.2411344,-88.31619649999999
Cupertino,CA,37.3229978,-122.0321823
Cutler Bay,FL,25.5783,-80.3377
Cuyahoga Falls,OH,41.1339449,-81.48455849999999
Cypress,CA,33.8169599,-118.0372852
Dale City,VA,38.6370622,-77.31109459999999
Dallas,TX,32.802955,-96.769923
Daly City,CA,37.6879241,-122.4702079
Danbury,CT,41.394817,-73.4540111
Danville,CA,37.8215929,-121.9999606
Danville,VA,36.5859718,-79.39502279999999
Davenport,IA,41.5236437,-90.5776367
Davie,FL,26.0628664,-80.2331038
Davis,CA,38.5449065,-121.7405167
Dayton,OH,39.7589478,-84.1916069
Daytona Beach,FL,29.2108147,-81.0228331
Dearborn,MI,42.3222599,-83.17631449999999
Dearborn Heights,MI,42.3369816,-83.27326269999999
Decatur,IL,39.8403147,-88.9548001
Decatur,AL,34.6059253,-86.9833417
Deerfield Beach,FL,26.3184123,-80.09976569999999
DeKalb,IL,41.9294736,-88.75036469999999
Delano,CA,35.7688425,-119.2470536
Delray Beach,FL,26.4614625,-80.0728201
Deltona,FL,28.9005446,-81.26367379999999
Denton,TX,33.2148412,-97.13306829999999
Denver,CO,39.7391536,-104.9847034
Des Moines,IA,41.6005448,-93.6091064
DeSoto,TX,32.5898577,-96.85694509999999
Des Plaines,IL,42.0333623,-87.88339909999999
Detroit,MI,42.331427,-83.0457538
Michigan - Martin,it,0.0,0.0
Diamond Bar,CA,34.0286226,-117.8103367
Doral,FL,25.8195424,-80.3553302
Dothan,AL,31.2232313,-85.3904888
Downers Grove,IL,41.8089191,-88.01117459999999
Downey,CA,33.94001430000001,-118.1325688
Draper,UT,40.5246711,-111.8638226
Dublin,CA,37.7021521,-121.9357918
Dublin,OH,40.0992294,-83.1140771
Dubuque,IA,42.5005583,-90.66457179999999
Duluth,MN,46.78667189999999,-92.1004852
Dundalk,MD,39.2506633,-76.5205184
Dunwoody,GA,33.9462125,-84.3346473
Durham,NC,35.9940329,-78.898619
Eagan,MN,44.8041322,-93.1668858
East Hartford,CT,41.7634219,-72.6128339
Honolulu,HI,21.3069444,-157.8583333
East Lansing,MI,42.7369792,-84.48386540000001
East Los Angeles,CA,34.0239015,-118.1720157
East Los Angeles Library,St,2.0,0.0
Los Angeles,CA,34.0522342,-118.2436849
East Orange,NJ,40.767323,-74.2048677
East Providence,RI,41.8137116,-71.3700545
Eastvale,80,33.9630573,-117.5638781
Eau Claire,WI,44.811349,-91.4984941
Eden Prairie,MN,44.8546856,-93.47078599999999
Edina,MN,44.8896866,-93.3499489
Edinburg,TX,26.3017374,-98.1633432
Edmond,OK,35.6528323,-97.47809540000002
El Cajon,CA,32.7947731,-116.9625269
El Centro,CA,32.792,-115.5630514
El Dorado Hills,CA,38.6857367,-121.082167
Elgin,IL,42.0372487,-88.2811895
Elizabeth,NJ,40.6639916,-74.2107006
Elk Grove,CA,38.4087993,-121.3716178
Elkhart,IN,41.6819935,-85.9766671
Ellicott City,MD,39.2673283,-76.7983067
Elmhurst,IL,41.8994744,-87.9403418
El Monte,CA,34.0686206,-118.0275667
El Paso,TX,31.7587198,-106.4869314
Elyria,OH,41.3683798,-82.10764859999999
Encinitas,CA,33.0369867,-117.2919818
Enid,OK,36.3955891,-97.8783911
Enterprise,NV,36.0252503,-115.2419419
Erie,PA,42.12922409999999,-80.085059
Escondido,CA,33.1192068,-117.086421
Euclid,OH,41.5931049,-81.5267873
Eugene,OR,44.0520691,-123.0867536
Euless,TX,32.8370727,-97.08195409999999
Evanston,IL,42.0411414,-87.6900587
Evansville,IN,37.9715592,-87.5710898
Everett,WA,47.9789848,-122.2020794
Everett,MA,42.40843,-71.0536625
Fairfield,CA,38.24935809999999,-122.0399663
Fairfield,OH,39.3454673,-84.5603187
Fall River,MA,41.7014912,-71.1550451
Fargo,ND,46.8771863,-96.7898034
Farmington,NM,36.72805830000001,-108.2186856
Farmington Hills,MI,42.4828221,-83.41838229999999
Fayetteville,NC,35.0526641,-78.87835849999999
Fayetteville,AR,36.0625795,-94.1574263
Federal Way,WA,47.3223221,-122.3126222
Findlay,40,41.04422,-83.6499321
Fishers,IN,39.9555928,-86.0138729
Flagstaff,AZ,35.2013516,-111.639249
Flint,MI,43.0125274,-83.6874562
Flint,MI,43.0777289,-83.67739279999999
Florence-Graham,CA,33.9694444,-118.2438889
Florin,CA,38.4960187,-121.4088416
Florissant,MO,38.789217,-90.322614
Flower Mound,TX,33.0145673,-97.0969552
Folsom,CA,38.6779591,-121.1760583
Fond du Lac,WI,43.7730448,-88.4470508
Fontana,CA,34.0922335,-117.435048
Fort Collins,CO,40.5852602,-105.084423
Fort Lauderdale,FL,26.1223084,-80.14337859999999
Fort Myers,FL,26.640628,-81.8723084
Fort Pierce,FL,27.4467056,-80.3256056
Fort Smith,AR,35.3859242,-94.39854749999999
Fort Wayne,IN,41.079273,-85.1393513
Fort Worth,TX,32.725409,-97.3208496
Fountainbleau,FL,25.7728774,-80.3478301
Fountain Valley,CA,33.7091847,-117.9536697
Framingham,MA,42.279286,-71.4161565
Franklin,TN,35.9250637,-86.8688899
Frederick,MD,39.41426879999999,-77.4105409
Freeport,NY,40.6576022,-73.58318349999999
Fremont,CA,37.5482697,-121.9885719
Fresno,CA,36.7477272,-119.7723661
Frisco,TX,33.1506744,-96.82361159999999
Fullerton,CA,33.8702923,-117.925338
Gainesville,FL,29.6516344,-82.32482619999999
Gaithersburg,MD,39.1434406,-77.2013705
Galveston,TX,29.3013479,-94.7976958
Gardena,CA,33.8883487,-118.3089624
Garden Grove,CA,33.7739053,-117.9414477
Garland,TX,32.912624,-96.63888329999999
Gary,IN,41.5933696,-87.3464271
Gastonia,NC,35.262082,-81.18730049999999
Georgetown,TX,30.6326942,-97.6772311
Germantown,MD,39.1731621,-77.2716502
Gilbert,AZ,33.3528264,-111.789027
Gilroy,20,37.0057816,-121.5682751
Glen Burnie,MD,39.1626084,-76.6246886
Glendale,AZ,33.5386523,-112.1859866
Glendale,CA,34.1425078,-118.255075
Glendora,CA,34.1361187,-117.865339
Glenview,IL,42.0697509,-87.7878408
Goodyear,AZ,33.449806,-112.3582136
Grand Forks,ND,47.9252568,-97.0328547
Grand Island,NE,40.9222222,-98.35805560000001
Grand Junction,CO,39.0638705,-108.5506486
Grand Prairie,TX,32.7459645,-96.99778459999999
Grand Rapids,MI,42.9633599,-85.6680863
Grand Rapids Charter Township,MI,43.0020023,-85.57150150000001
Grapevine,TX,32.9342919,-97.0780654
Great Falls,Mt,47.5002354,-111.3008083
Greeley,CO,40.4233142,-104.7091322
Green Bay,WI,44.51915899999999,-88.019826
Greensboro,NC,36.0726354,-79.7919754
Greenville,NC,35.612661,-77.3663538
Greenville,SC,34.85261759999999,-82.3940104
Greenwood,IN,39.6136578,-86.10665259999999
Gresham,OR,45.5001357,-122.4302013
Gulfport,MS,30.3674198,-89.0928155
Hacienda Heights,CA,33.9930677,-117.9686755
Hackensack,NJ,40.8859325,-74.0434736
Haltom City,TX,32.7995738,-97.26918169999999
Hamilton,OH,39.3995008,-84.5613355
Hammond,IN,41.5833688,-87.5000412
Hampton,VA,37.0298687,-76.34522179999999
Hanford,30,36.3274502,-119.6456844
Harlingen,TX,26.1906306,-97.69610259999999
Harrisburg,PA,40.2737002,-76.8844179
Harrisonburg,VA,38.4495688,-78.8689155
Hartford,CT,41.76371109999999,-72.6850932
Hattiesburg,MS,31.3271189,-89.29033919999999
Haverhill,MA,42.7762015,-71.0772796
Hawthorne,CA,33.9164032,-118.3525748
Hayward,CA,37.6688205,-122.0807964
Hemet,CA,33.7475203,-116.9719684
Hempstead,NY,40.7062128,-73.6187397
Henderson,NV,36.0395247,-114.9817213
Hendersonville,TN,36.3047735,-86.6199957
Hesperia,CA,34.4263886,-117.3008784
Hialeah,FL,25.8575963,-80.2781057
Hicksville,NY,40.7684331,-73.5251253
Highland,CA,34.1283442,-117.2086513
Highlands Ranch,CO,39.5444444,-104.9680556
High Point,NC,35.9556923,-80.0053176
Hillsboro,OR,45.5228939,-122.989827
Hilo,HI,19.5429151,-155.6658568
Hoboken,NJ,40.7439905,-74.0323626
Hoffman Estates,IL,42.0629915,-88.12271989999999
Hollywood,FL,26.0112014,-80.1494901
Homestead,FL,25.4687224,-80.4775569
Honolulu,HI,21.3069444,-157.8583333
Hoover,AL,33.4053867,-86.8113781
Houston,TX,29.7601927,-95.36938959999999
Huntersville,NC,35.410694,-80.84285040000002
Huntington,WV,38.4192496,-82.44515400000002
Huntington Beach,CA,33.660297,-117.9992265
Huntington Park,CA,33.9816812,-118.2250725
Huntsville,AL,34.7303688,-86.5861037
Hutchinson,KS,38.0608445,-97.92977429999999
Idaho Falls,ID,43.49165139999999,-112.0339645
Independence,MO,39.0911161,-94.41550679999999
Indianapolis,IN,39.7685155,-86.1580736
Indio,CA,33.7205771,-116.2155619
Inglewood,CA,33.9616801,-118.3531311
Iowa City,IA,41.6611277,-91.5301683
Irondequoit,NY,43.2133955,-77.5797226
Irvine,CA,33.6839473,-117.7946942
Irving,TX,32.8140177,-96.9488945
Jackson,MS,32.2987573,-90.1848103
Jackson,TN,35.6145169,-88.81394689999999
Jacksonville,FL,30.3321838,-81.65565099999999
Jacksonville,NC,34.7540524,-77.4302414
Janesville,WI,42.6827885,-89.0187222
Jefferson City,MO,38.57670170000001,-92.1735164
Jeffersonville,IN,38.2775702,-85.7371847
Jersey City,NJ,40.72815749999999,-74.0776417
Johns Creek,GA,34.0289259,-84.198579
Johnson City,TN,36.3134397,-82.3534727
Joliet,IL,41.525031,-88.0817251
Jonesboro,AR,35.84229670000001,-90.704279
Joplin,MO,37.08422710000001,-94.51328099999999
Jupiter,FL,26.9342246,-80.0942087
Kalamazoo,MI,42.2917069,-85.5872286
Kannapolis,NC,35.4873613,-80.6217341
Kansas City,MO,39.0997265,-94.5785667
Kansas City,KS,39.114053,-94.6274636
Kansas,33,39.5528129,-87.9394779
Kearny,NJ,40.7684342,-74.1454214
Keller,TX,32.9345701,-97.251682
Kendale Lakes,FL,25.7081577,-80.4069986
Kendall,FL,25.6660336,-80.357827
Kenner,LA,29.9940924,-90.2417434
Kennewick,WA,46.2112458,-119.1372338
Kenosha,WI,42.5847425,-87.82118539999999
Kent,WA,47.3809335,-122.2348431
Kentwood,MI,42.8694731,-85.64474919999999
Kettering,OH,39.68950359999999,-84.1688274
Killeen,TX,31.1171194,-97.72779589999999
Kingsport,TN,36.548434,-82.5618186
Kirkland,WA,47.6814875,-122.2087353
Kissimmee,FL,28.2919557,-81.40757099999999
Knoxville,TN,35.9606384,-83.9207392
Kokomo,IN,40.486427,-86.13360329999999
Lacey,WA,47.03426289999999,-122.8231915
La Crosse,WI,43.8013556,-91.23958069999999
Lafayette,LA,30.2240897,-92.0198427
Lafayette,IN,40.4167022,-86.87528689999999
Laguna Niguel,CA,33.5225261,-117.7075526
La Habra,CA,33.9319578,-117.9461734
Lake Charles,LA,30.2265949,-93.2173758
Lake Elsinore,CA,33.6680772,-117.3272615
Lake Forest,CA,33.6469661,-117.689218
Lake Havasu City,AZ,34.483901,-114.3224548
Lakeland,FL,28.0394654,-81.9498042
Lake Ridge,VA,38.68789400000001,-77.29776180000002
Lakeville,MN,44.6496868,-93.24271999999999
Lakewood,CO,39.7047095,-105.0813734
Lakewood,CA,33.8536269,-118.1339563
Lakewood,WA,47.1717649,-122.518458
Lakewood Township,NJ,40.08212899999999,-74.2097014
Lakewood,OH,41.4819932,-81.7981908
La Mesa,CA,32.7678287,-117.0230839
La Mirada,CA,33.9172357,-118.0120086
Lancaster,CA,34.6867846,-118.1541632
Lancaster,PA,40.0378755,-76.3055144
Lansing,MI,42.732535,-84.5555347
Lansing Charter Township,MI,42.7563594,-84.5283267
La Quinta,CA,33.6633573,-116.3100095
Laredo,TX,27.506407,-99.5075421
Largo,FL,27.9094665,-82.7873244
Las Cruces,NM,32.3199396,-106.7636538
Las Vegas,NV,36.114646,-115.172816
Lauderhill,FL,26.1403635,-80.2133808
Lawrence,KS,38.9716689,-95.2352501
Lawrence,MA,42.7070354,-71.1631137
Lawrence,IN,39.8386516,-86.0252612
Lawton,OK,34.6086854,-98.39033049999999
Layton,UT,41.0602216,-111.9710529
League City,TX,29.5074538,-95.0949303
Leesburg,VA,39.1156615,-77.56360149999999
Lee's Summit,MO,38.916343,-94.383516
Lehi,UT,40.3916172,-111.8507662
Lehigh Acres,FL,26.6253497,-81.6248026
Lenexa,KS,38.9536174,-94.73357089999999
Levittown,PA,40.1551096,-74.8287747
Levittown,NY,40.7259336,-73.51429209999999
Lewisville,TX,33.046233,-96.994174
Lexington,KY,38.0405837,-84.5037164
Lincoln,NE,40.806862,-96.681679
Lincoln,CA,38.891565,-121.2930079
Linton Hall,le,0.0,0.0
Little Rock,AR,34.7464809,-92.28959479999999
Littleton,CO,39.613321,-105.0166498
Livermore,CA,37.6818745,-121.7680088
Livonia,MI,42.36837,-83.35270969999999
Lodi,CA,38.1301968,-121.2724473
Logan,UT,41.7354861,-111.834388
Lombard,IL,41.8800296,-88.00784349999999
Lompoc,CA,34.6391501,-120.4579409
Long Beach,CA,33.8041667,-118.1580556
Longmont,CO,40.1672068,-105.1019275
Longview,TX,32.5007037,-94.74048909999999
Lorain,OH,41.452819,-82.1823746
Los Angeles,CA,34.0522342,-118.2436849
Louisville,KY,38.2526647,-85.7584557
Loveland,CO,40.3977612,-105.0749801
Lowell,MA,42.6334247,-71.31617179999999
Lubbock,TX,33.5778631,-101.8551665
Lynchburg,VA,37.4137536,-79.14224639999999
Lynn,MA,42.46676300000001,-70.9494938
Lynwood,CA,33.930293,-118.2114603
McAllen,TX,26.2034071,-98.23001239999999
McKinney,TX,33.1972465,-96.6397822
McLean,VA,38.9338676,-77.1772604
Macon,GA,32.8406946,-83.6324022
Madera,CA,36.9613356,-120.0607176
Madison,WI,43.0730517,-89.4012302
Madison,AL,34.6992579,-86.74833180000002
Malden,MA,42.4250964,-71.066163
Manchester,NH,42.9956397,-71.4547891
Manhattan,KS,39.18360819999999,-96.57166939999999
Mansfield,TX,32.5631924,-97.1416768
Mansfield,OH,40.75839,-82.5154471
Manteca,CA,37.7974273,-121.2160526
Maple Grove,MN,45.0724642,-93.4557877
Margate,FL,26.2445263,-80.206436
Maricopa,AZ,33.0581063,-112.0476423
Marietta,GA,33.95260200000001,-84.5499327
Marysville,WA,48.0517637,-122.1770818
Medford,OR,42.3265152,-122.8755949
Medford,MA,42.4184296,-71.1061639
Melbourne,FL,28.0836269,-80.60810889999999
Memphis,TN,35.1495343,-90.0489801
Menifee,ty,0.0,0.0
Mentor,OH,41.6661573,-81.339552
Merced,CA,37.3021632,-120.4829677
Meriden,CT,41.5381535,-72.80704349999999
Meridian,ID,43.6121087,-116.3915131
Meridian,MS,32.3643098,-88.703656
Mesa,AZ,33.4151843,-111.8314724
Mesquite,TX,32.76679550000001,-96.5991593
Metairie,LA,29.9840922,-90.1528519
Methuen,MA,42.7262016,-71.1908924
Miami,FL,25.7889689,-80.2264393
Miami Gardens,FL,25.9420377,-80.2456045
Middletown,OH,39.5150576,-84.39827629999999
Middletown,CT,41.5623209,-72.6506488
Midland,TX,31.9973456,-102.0779146
Midland,MI,43.6155825,-84.2472116
Midland,MI,43.57509779999999,-84.3542049
Midwest City,OK,35.4495065,-97.3967019
Milford,CT,41.2308945,-73.0635844
Millcreek,UT,40.6868914,-111.8754907
Milpitas,CA,37.4282724,-121.9066238
Milwaukee,WI,43.0389025,-87.9064736
Minneapolis,MN,44.9799654,-93.26383609999999
Minnetonka,MN,44.9211836,-93.4687489
Minot,ND,48.2325095,-101.2962732
Miramar,FL,25.9756704,-80.28675009999999
Mishawaka,IN,41.6619927,-86.15861559999999
Mission,TX,26.2159066,-98.32529319999999
Mission Viejo,CA,33.6000232,-117.6719953
Missoula,Mt,46.8605189,-114.019501
Missouri City,TX,29.6185669,-95.5377215
Mobile,AL,30.6943566,-88.04305409999999
Modesto,CA,37.63909719999999,-120.9968782
Moline,IL,41.5067003,-90.51513419999999
Monroe,LA,32.5093109,-92.1193012
Montebello,CA,34.0165053,-118.1137535
Monterey Park,CA,34.0625106,-118.1228476
Montgomery,AL,32.3668052,-86.2999689
Moore,OK,35.3395079,-97.48670279999999
Moreno Valley,CA,33.9424658,-117.2296717
Mountain View,CA,37.3860517,-122.0838511
Mt Pleasant,SC,32.7940651,-79.8625851
Mt Prospect,IL,42.0664167,-87.9372908
Mt Vernon,NY,40.9125992,-73.8370786
Muncie,IN,40.1933767,-85.3863599
Murfreesboro,TN,35.8456213,-86.39027
Murray,UT,40.6668916,-111.8879909
Murrieta,CA,33.5539143,-117.2139232
Nampa,ID,43.5407172,-116.5634624
Napa,CA,38.3047222,-122.2988889
Napa,CA,38.5024689,-122.2653887
Naperville,IL,41.7858629,-88.1472893
Nashua,NH,42.7653662,-71.46756599999999
Nashville,TN,36.1658899,-86.7844432
National City,CA,32.6781085,-117.0991967
Newark,NJ,40.735657,-74.1723667
Newark,OH,40.0581205,-82.4012642
Newark,CA,37.5296593,-122.0402399
New Bedford,MA,41.6362152,-70.93420499999999
New Braunfels,TX,29.7030024,-98.1244531
New Britain,CT,41.6612104,-72.7795419
New Brunswick,NJ,40.4862157,-74.4518188
New Haven,CT,41.3081527,-72.9281577
New Orleans,LA,29.95106579999999,-90.0715323
Newport Beach,CA,33.6189101,-117.9289469
Newport News,VA,37.0870821,-76.4730122
New Rochelle,NY,40.9114882,-73.7823549
Newton,MA,42.3370413,-71.20922139999999
New York,NY,40.7143528,-74.00597309999999
Manhattan,rk,0.0,0.0
Niagara Falls,NY,43.0962143,-79.0377388
Niagara Falls,ON,43.0903891,-79.08610759999999
Noblesville,IN,40.0455917,-86.0085955
Norfolk,VA,36.8507689,-76.28587259999999
Normal,IL,40.5142026,-88.9906312
Norman,OK,35.2225668,-97.4394777
North Atlanta,GA,33.8651033,-84.3365917
North Attleboro,MA,41.9695516,-71.35654389999999
North Bethesda,MD,39.0445535,-77.11886779999999
North Charleston,SC,32.8546197,-79.9748103
North Highlands,CA,38.6857362,-121.3721745
North Las Vegas,NV,36.1988592,-115.1175013
North Lauderdale,FL,26.217305,-80.2258811
North Little Rock,AR,34.769536,-92.2670941
North Miami,FL,25.8900949,-80.1867138
North Miami Beach,FL,25.9331488,-80.1625463
North Port,FL,27.044224,-82.2359254
North Richland Hills,TX,32.8342952,-97.2289029
Norwalk,CA,33.9022367,-118.081733
Norwalk,CT,41.1175966,-73.40789680000002
Novato,CA,38.1074198,-122.5697032
Novi,MI,42.48059,-83.4754913
Oakland,CA,37.8043637,-122.2711137
Oakland Park,FL,26.1723065,-80.1319893
Oak Lawn,IL,41.7108662,-87.7581081
Oak Park,IL,41.8850317,-87.7845025
Ocala,FL,29.1871986,-82.14009229999999
Oceanside,CA,33.1958696,-117.3794834
Odenton,MD,39.0839981,-76.7002462
Odessa,TX,31.8456816,-102.3676431
O'Fallon,MO,38.8106075,-90.69984769999999
Ogden,UT,41.223,-111.9738304
Oklahoma City,OK,35.4675602,-97.5164276
Oklahoma City,OK,35.5006256,-97.6114217
Olathe,KS,38.8813958,-94.81912849999999
Olympia,WA,47.0378741,-122.9006951
Omaha,NE,41.2523634,-95.99798829999999
Ontario,CA,34.0633443,-117.6508876
Orange,CA,33.7877944,-117.8531119
Orem,UT,40.2968979,-111.6946475
Orlando,FL,28.5383355,-81.3792365
Orland Park,IL,41.6303103,-87.85394250000002
Oro Valley,AZ,32.3909071,-110.966488
Oshkosh,WI,44.0247062,-88.5426136
Overland Park,KS,38.9822282,-94.6707917
Owensboro,KY,37.7719074,-87.1111676
Oxnard,CA,34.1975048,-119.1770516
Palatine,IL,42.1103041,-88.03424000000001
Palm Bay,FL,28.0344621,-80.5886646
Palm Beach Gardens,FL,26.8233946,-80.13865469999999
Palm Coast,FL,29.5849736,-81.2078411
Palmdale,CA,34.5794343,-118.1164613
Palm Desert,CA,33.7222445,-116.3744556
Palm Harbor,FL,28.0780718,-82.7637127
Palm Springs,CA,33.8302961,-116.5452921
Palo Alto,CA,37.4418834,-122.1430195
Paradise,NV,36.0971945,-115.1466648
Paramount,CA,33.8894598,-118.1597911
Parker,CO,39.5186002,-104.7613633
Parma,OH,41.4047742,-81.7229086
Pasadena,TX,29.6910625,-95.2091006
Pasadena,CA,34.1477849,-118.1445155
Pasco,WA,46.2395793,-119.1005657
Passaic,NJ,40.8567662,-74.1284764
Paterson,NJ,40.9167654,-74.17181099999999
Pawtucket,RI,41.878711,-71.38255579999999
Peabody,MA,42.5278731,-70.9286609
Pearland,TX,29.5635666,-95.2860474
Pearl City,HI,21.3972222,-157.9733333
Pembroke Pines,FL,26.0122378,-80.3152233
Pensacola,FL,30.42130899999999,-87.2169149
Peoria,AZ,33.5805955,-112.2373779
Peoria,IL,40.6936488,-89.5889864
Perris,CA,33.7825194,-117.2286478
Perth Amboy,NJ,40.5067723,-74.2654234
Petaluma,CA,38.232417,-122.6366524
Pflugerville,TX,30.4393696,-97.62000429999999
Pharr,TX,26.1947962,-98.1836216
Philadelphia,PA,39.952335,-75.16378900000001
Phoenix,AZ,33.4483771,-112.0740373
Pico Rivera,CA,33.9830688,-118.096735
Pine Bluff,AR,34.2284312,-92.00319549999999
Pine Hills,FL,28.5577794,-81.4534046
Pinellas Park,FL,27.8428025,-82.6995443
Pittsburg,CA,38.0279762,-121.8846806
California-Kirkbride,gh,0.0,0.0
Pittsburgh,PA,40.44062479999999,-79.9958864
Pittsfield,MA,42.4500845,-73.2453824
Placentia,CA,33.8722371,-117.8703363
Plainfield,NJ,40.6337136,-74.4073736
Plainfield,IL,41.615915,-88.20406899999999
Plano,TX,33.0198431,-96.6988856
Plantation,FL,26.1275862,-80.23310359999999
Pleasanton,CA,37.6624312,-121.8746789
Plymouth,MN,45.0105194,-93.4555093
Pocatello,ID,42.8713032,-112.4455344
Poinciana,FL,28.1558333,-81.47638889999999
Poinciana,FL,28.1402939,-81.4584058
Pomona,CA,34.0552267,-117.7523048
Pompano Beach,FL,26.2378597,-80.1247667
Pontiac,MI,42.6389216,-83.29104679999999
Portage,MI,42.2011538,-85.5800022
Portage Township,MI,46.9338608,-88.66166109999999
Port Arthur,TX,29.8849504,-93.93994699999999
Port Charlotte,FL,26.9761707,-82.09064479999999
Porterville,57,36.06523,-119.0167679
Portland,OR,45.5234515,-122.6762071
Portland,ME,43.66147100000001,-70.2553259
Port Orange,FL,29.1383165,-80.9956105
Port St Lucie,FL,27.2758333,-80.35499999999999
Portsmouth,VA,36.8354258,-76.2982742
Potomac,MD,39.0181651,-77.2085914
Poway,CA,32.9628232,-117.0358646
Prescott,AZ,34.5400242,-112.4685025
Prescott Valley,AZ,34.6100243,-112.315721
Providence,RI,41.8239891,-71.4128343
Provo,UT,40.2338438,-111.6585337
Pueblo,CO,38.2544472,-104.6091409
Quincy,MA,42.2528772,-71.0022705
Racine,WI,42.7261309,-87.78285230000002
Raleigh,NC,35.772096,-78.6386145
Rancho Cordova,CA,38.5890723,-121.302728
Rancho Cucamonga,CA,34.10639889999999,-117.5931084
Rancho Palos Verdes,CA,33.7444613,-118.3870173
Rancho Santa Margarita,CA,33.640855,-117.603104
Rapid City,SD,44.0805434,-103.2310149
Reading,PA,40.3356483,-75.9268747
Redding,CA,40.5865396,-122.3916754
Redlands,CA,34.0555693,-117.1825381
Redmond,WA,47.6739881,-122.121512
Redondo Beach,CA,33.8491816,-118.3884078
Redwood City,CA,37.48521520000001,-122.2363548
Reno,NV,39.5296329,-119.8138027
Renton,WA,47.48287759999999,-122.2170661
Reston,VA,38.9586307,-77.35700279999999
Revere,MA,42.4084302,-71.0119948
Rialto,CA,34.1064001,-117.3703235
Richardson,TX,32.9481789,-96.7297205
Richland,WA,46.2856907,-119.2844621
Richmond,VA,37.5407246,-77.4360481
Richmond,CA,37.9357576,-122.3477486
Rio Rancho,NM,35.2327544,-106.6630437
Riverside,CA,33.9533487,-117.3961564
Riverton,UT,40.521893,-111.9391023
Riverview,FL,27.8661364,-82.32648089999999
Roanoke,VA,37.2709704,-79.9414266
Rochester,NY,43.16103,-77.6109219
Rochester,MN,44.0216306,-92.4698992
Rochester Hills,MI,42.65836609999999,-83.1499322
Rockford,IL,42.2711311,-89.0939952
Rock Hill,SC,34.9248667,-81.02507840000001
Rocklin,CA,38.7907339,-121.2357828
Rockville,MD,39.0839973,-77.1527578
Rockwall,TX,32.93123360000001,-96.4597089
Rocky Mt,NC,35.9382103,-77.7905339
Rogers,AR,36.3320196,-94.1185366
Rohnert Park,CA,38.3396367,-122.7010984
Romeoville,IL,41.6475306,-88.0895061
Rosemead,CA,34.0805651,-118.072846
Roseville,CA,38.7521235,-121.2880059
Roseville,MI,42.4972583,-82.9371409
Roswell,GA,34.02315530000001,-84.3615928
Roswell,NM,33.3942655,-104.5230242
Round Rock,TX,30.5082551,-97.678896
Rowland Heights,CA,33.9761238,-117.9053395
Rowlett,TX,32.9029017,-96.56388
Royal Oak,MI,42.4894801,-83.1446485
Sacramento,CA,38.5815719,-121.4943996
Saginaw,MI,43.4194699,-83.9508068
St Charles,MO,38.7833333,-90.5166667
St Clair Shores,MI,42.4931,-82.8911339
St Cloud,MN,45.5538889,-94.1702778
St George,UT,37.0952778,-113.5780556
St Joseph,MO,39.7577778,-94.83638889999999
St Louis,MO,38.6270025,-90.19940419999999
St Louis Park,MN,44.9597376,-93.3702186
St Paul,MN,44.95416669999999,-93.11388889999999
St Peters,MO,38.778475,-90.60528099999999
St Petersburg,FL,27.7730556,-82.64
Salem,OR,44.9428975,-123.0350963
Salem,MA,42.51954,-70.8967155
Salina,KS,38.8402805,-97.61142369999999
Salinas,CA,36.6777372,-121.6555013
Salt Lake City,UT,40.7607793,-111.8910474
Sammamish,WA,47.64176639999999,-122.0803998
San Angelo,TX,31.4637723,-100.4370375
San Antonio,TX,29.4241219,-98.49362819999999
San Bernardino,CA,34.1083449,-117.2897652
San Bruno,CA,37.6304904,-122.4110835
Ventura,CA,34.2746405,-119.2290053
San Clemente,CA,33.4269728,-117.6119925
San Diego,CA,32.7153292,-117.1572551
Sandy,UT,40.57250000000001,-111.8597222
Sandy Springs,GA,33.9242688,-84.3785379
Sanford,FL,28.7588218,-81.29417939999999
San Francisco,CA,37.7749295,-122.4194155
San Jacinto,CA,33.7839084,-116.958635
San Jose,CA,37.3393857,-121.8949555
San Leandro,CA,37.7249296,-122.1560768
San Luis Obispo,CA,35.2827524,-120.6596156
San Marcos,CA,33.1433723,-117.1661449
San Marcos,TX,29.8832749,-97.9413941
San Mateo,CA,37.5629917,-122.3255254
San Rafael,CA,37.9735346,-122.5310874
San Ramon,CA,37.7799273,-121.9780153
Santa Ana,CA,33.7455731,-117.8678338
Santa Barbara,CA,34.4208305,-119.6981901
Santa Clara,CA,37.3541079,-121.9552356
Santa Clarita,CA,34.3916641,-118.542586
Santa Cruz,CA,36.9741171,-122.0307963
Santa Fe,NM,35.6869752,-105.937799
Santa Maria,CA,34.9530337,-120.4357191
Santa Monica,CA,34.0194543,-118.4911912
San Tan Valley,AZ,33.1702778,-111.5722222
Santa Rosa,CA,38.4404674,-122.7144314
Santee,CA,32.8383828,-116.9739167
Sarasota,FL,27.3364347,-82.53065269999999
Savannah,GA,32.0835407,-81.09983419999999
Sayreville,NJ,40.45940210000001,-74.360846
Schaumburg,IL,42.0333607,-88.0834059
Schenectady,NY,42.8142432,-73.9395687
Scottsdale,AZ,33.4941704,-111.9260519
Scranton,PA,41.408969,-75.66241219999999
Seattle,WA,47.6062095,-122.3320708
Severn,MD,39.1370528,-76.6983022
Shakopee,MN,44.7973962,-93.5272861
Shawnee,KS,39.02284849999999,-94.7151865
Sheboygan,WI,43.7508284,-87.71453
Shoreline,WA,47.7556531,-122.3415178
Shreveport,LA,32.5251516,-93.7501789
Sierra Vista,AZ,31.5455001,-110.2772856
Silver Spring,MD,38.99066570000001,-77.026088
Simi Valley,CA,34.2694474,-118.781482
Sioux City,IA,42.4999942,-96.40030689999999
Sioux Falls,SD,43.5499749,-96.700327
Skokie,IL,42.0333636,-87.7333934
Smyrna,GA,33.8839926,-84.51437609999999
Smyrna,TN,35.9828412,-86.5186045
Somerville,MA,42.3875968,-71.0994968
Southaven,MS,34.9889818,-90.0125913
South Bend,IN,41.6833813,-86.25000659999999
Southfield,MI,42.4733688,-83.2218731
South Gate,CA,33.954737,-118.2120161
South Hill,WA,47.1412122,-122.2701183
South Jordan,UT,40.5621704,-111.929658
South San Francisco,CA,37.654656,-122.4077498
South Valley,NM,35.0100487,-106.6780809
South Whittier,CA,33.9347222,-118.0308333
Sparks,NV,39.5349112,-119.7526886
Spokane,WA,47.6587802,-117.4260466
Spokane Valley,WA,47.6732281,-117.2393748
Spring,TX,30.0799405,-95.41716009999999
Springdale,AR,36.18674420000001,-94.1288141
Springfield,MO,37.2089572,-93.29229889999999
Springfield,MA,42.1014831,-72.589811
Springfield,IL,39.78172130000001,-89.6501481
Springfield,OR,44.0462362,-123.0220289
Springfield,OH,39.9242266,-83.8088171
Spring Hill,FL,28.4831682,-82.5369872
Spring Valley,NV,36.1080258,-115.2450006
Stamford,CT,41.0534302,-73.5387341
State College,PA,40.7933949,-77.8600012
Sterling Heights,MI,42.5803122,-83.0302033
Stillwater,OK,36.1156071,-97.0583681
Stockton,CA,37.9577016,-121.2907796
Stratford,CT,41.18454149999999,-73.1331651
Strongsville,OH,41.3144966,-81.83569
Suffolk,VA,36.7282054,-76.5835621
Sugar Land,TX,29.6196787,-95.6349463
Summerville,SC,33.0185039,-80.17564809999999
Sunnyvale,CA,37.36883,-122.0363496
Sunrise,FL,26.1571743,-80.28622560000001
Sunrise Manor,NV,36.2110819,-115.0730563
Surprise,AZ,33.639099,-112.3957576
Syracuse,NY,43.0481221,-76.14742439999999
Syracuse,NY,43.114397,-76.2710833
Tacoma,WA,47.2528768,-122.4442906
Tallahassee,FL,30.4382559,-84.28073289999999
Tamarac,FL,26.2128609,-80.2497707
Tamiami,FL,25.7587114,-80.398387
Tampa,FL,27.950575,-82.4571776
Taunton,MA,41.900101,-71.0897674
Taylor,MI,42.240872,-83.2696509
Taylorsville,UT,40.66772479999999,-111.9388258
Temecula,CA,33.4936391,-117.1483648
Tempe,AZ,33.4255104,-111.9400054
Temple,TX,31.0982344,-97.342782
Terre Haute,IN,39.4667034,-87.41390919999999
Texas City,TX,29.383845,-94.9027002
The Hammocks,FL,25.6714925,-80.4444997
The Villages,FL,28.9377778,-81.9711111
The Woodlands,TX,30.1658207,-95.46126249999999
Thornton,CO,39.8680412,-104.9719243
Thousand Oaks,CA,34.1705609,-118.8375937
Tigard,OR,45.4312294,-122.7714861
Tinley Park,IL,41.5733669,-87.7844944
Titusville,FL,28.6122187,-80.8075537
Toledo,OH,41.6639383,-83.55521200000001
Toms River,NJ,39.9537358,-74.1979458
New York,NY,40.7143528,-74.00597309999999
Topeka,KS,39.0558235,-95.68901849999999
Torrance,CA,33.8358492,-118.3406288
Town 'n' Country,FL,28.0105745,-82.57731930000001
Towson,MD,39.4014955,-76.6019125
Tracy,CA,37.7396513,-121.4252227
Trenton,NJ,40.2170534,-74.7429384
Troy,MI,42.6055893,-83.1499304
Troy,NY,42.7284117,-73.69178509999999
Tuckahoe,VA,37.5901463,-77.5563761
Tucson,AZ,32.2217429,-110.926479
Tulare,74,36.2077288,-119.3473379
Tulsa,OK,36.1539816,-95.99277500000001
Turlock,CA,37.4946568,-120.8465941
Tuscaloosa,AL,33.2098407,-87.56917349999999
Tustin,CA,33.7458511,-117.826166
Twin Falls,ID,42.5629668,-114.4608711
Tyler,TX,32.3512601,-95.30106239999999
Union City,CA,37.5919304,-122.0456199
Union City,NJ,40.7795455,-74.02375119999999
Union,NJ,40.6357419,-74.9580495
Upland,CA,34.09751,-117.6483876
Urbana,IL,40.1105875,-88.2072697
Urbandale,IA,41.6266555,-93.71216559999999
Utica,NY,43.100903,-75.232664
Vacaville,CA,38.3565773,-121.9877444
Valdosta,GA,30.8327022,-83.2784851
Vallejo,CA,38.1040864,-122.2566367
Valrico,FL,27.9408333,-82.24249999999999
Vancouver,WA,45.6387281,-122.6614861
Victoria,TX,28.8052674,-97.0035982
Victorville,CA,34.5361067,-117.2911565
Vineland,NJ,39.4862267,-75.02573129999999
Virginia Beach,VA,36.8529263,-75.97798499999999
Visalia,CA,36.3302284,-119.2920585
Vista,CA,33.2000368,-117.2425355
Waco,TX,31.549333,-97.1466695
Waldorf,MD,38.6343544,-76.90668289999999
Walnut Creek,CA,37.9063131,-122.064963
Waltham,MA,42.3764852,-71.2356113
Warner Robins,GA,32.6086111,-83.6380556
Warren,MI,42.49299999999999,-83.02819699999999
Warwick,RI,41.7001009,-71.4161671
Washington,DC,38.8951118,-77.0363658
Waterbury,CT,41.5581525,-73.0514965
Waterloo,IA,42.4927641,-92.34296309999999
Watsonville,CA,36.910231,-121.7568946
Waukegan,IL,42.3636331,-87.84479379999999
Waukesha,WI,43.0116784,-88.2314813
Wauwatosa,WI,43.0494572,-88.0075875
Wellington,FL,26.6552309,-80.25425129999999
Wesley Chapel,FL,28.1786111,-82.35055559999999
West Allis,WI,43.0166806,-88.0070315
West Babylon,NY,40.718155,-73.354287
West Covina,CA,34.0686208,-117.9389526
West Des Moines,IA,41.5772115,-93.711332
Westfield,MA,42.1250929,-72.749538
West Hartford,CT,41.7620842,-72.7420151
West Haven,CT,41.2706527,-72.94704709999999
West Jordan,UT,40.6096698,-111.9391031
Westland,MI,42.32420399999999,-83.400211
Westminster,CO,39.8366528,-105.0372046
Westminster,CA,33.7513419,-117.9939921
West New York,NJ,40.7878788,-74.0143064
Weston,FL,26.1003654,-80.3997748
West Palm Beach,FL,26.7153424,-80.0533746
West Sacramento,CA,38.5804609,-121.530234
West Seneca,NY,42.8500585,-78.79975470000001
West Valley City,UT,40.6916132,-112.0010501
Weymouth,MA,42.2180724,-70.94103559999999
Wheaton,IL,41.8661403,-88.1070127
Wheaton,MD,39.0398314,-77.05525550000002
White Plains,NY,41.03398620000001,-73.7629097
Whitney,NV,36.0966897,-115.0407412
Whittier,CA,33.9791793,-118.032844
Wichita,KS,37.6922222,-97.3372222
Wichita Falls,TX,33.9137085,-98.4933873
Wilkes-Barre,PA,41.2459149,-75.88130749999999
Wilmington,NC,34.2257255,-77.9447102
Wilmington,DE,39.7458333,-75.5466667
Wilson,NC,35.7212689,-77.9155395
Winston-Salem,NC,36.09985959999999,-80.244216
Woodbury,MN,44.9238552,-92.9593797
Woodland,CA,38.67851570000001,-121.7732971
Woonsocket,RI,42.00287609999999,-71.51478390000001
Worcester,MA,42.2625932,-71.8022934
Wylie,TX,33.0151201,-96.5388789
Wyoming,MI,42.9133602,-85.7053085
Yakima,WA,46.6020711,-120.5058987
Yonkers,NY,40.9312099,-73.89874689999999
Yorba Linda,CA,33.8886259,-117.8131125
York,PA,39.9625984,-76.727745
Youngstown,OH,41.0997803,-80.6495194
Yuba City,CA,39.1404477,-121.6169108
Yucaipa,CA,34.033625,-117.0430865
Yuma,AZ,32.6926512,-114.627691
